{
  "hand_animation_on_swap": false,
  "model": {
    "type": "composite",
    "models": [
      {
        "type": "condition",
        "property": "component",
        "predicate": "enchantments",
        "value": [
          {
            "enchantments": "bane_of_arthropods"
          }
        ],
        "on_true": {
          "type": "condition",
          "property": "component",
          "predicate": "enchantments",
          "value": [
            {
              "enchantments": "vanishing_curse"
            }
          ],
          "on_true": {
            "type": "model",
            "model": "item/mace/bane_of_arthropods_vanishing"
          },
          "on_false": {
            "type": "model",
            "model": "item/mace/bane_of_arthropods"
          }
        },
        "on_false": {
          "type": "condition",
          "property": "component",
          "predicate": "enchantments",
          "value": [
            {
              "enchantments": "breach"
            }
          ],
          "on_true": {
            "type": "condition",
            "property": "component",
            "predicate": "enchantments",
            "value": [
              {
                "enchantments": "vanishing_curse"
              }
            ],
            "on_true": {
              "type": "model",
              "model": "item/mace/breach_vanishing"
            },
            "on_false": {
              "type": "model",
              "model": "item/mace/breach"
            }
          },
          "on_false": {
            "type": "condition",
            "property": "component",
            "predicate": "enchantments",
            "value": [
              {
                "enchantments": "density"
              }
            ],
            "on_true": {
              "type": "condition",
              "property": "component",
              "predicate": "enchantments",
              "value": [
                {
                  "enchantments": "vanishing_curse"
                }
              ],
              "on_true": {
                "type": "model",
                "model": "item/mace/density_vanishing"
              },
              "on_false": {
                "type": "model",
                "model": "item/mace/density"
              }
            },
            "on_false": {
              "type": "condition",
              "property": "component",
              "predicate": "enchantments",
              "value": [
                {
                  "enchantments": "smite"
                }
              ],
              "on_true": {
                "type": "condition",
                "property": "component",
                "predicate": "enchantments",
                "value": [
                  {
                    "enchantments": "vanishing_curse"
                  }
                ],
                "on_true": {
                  "type": "model",
                  "model": "item/mace/smite_vanishing"
                },
                "on_false": {
                  "type": "model",
                  "model": "item/mace/smite"
                }
              },
              "on_false": {
                "type": "condition",
                "property": "component",
                "predicate": "enchantments",
                "value": [
                  {
                    "enchantments": "vanishing_curse"
                  }
                ],
                "on_true": {
                  "type": "model",
                  "model": "item/mace/vanishing"
                },
                "on_false": {
                  "type": "model",
                  "model": "item/mace"
                }
              }
            }
          }
        }
      },
      {
        "type": "condition",
        "property": "component",
        "predicate": "enchantments",
        "value": [
          {
            "enchantments": "mending"
          }
        ],
        "on_true": {
          "type": "model",
          "model": "item/mace/mending"
        },
        "on_false": {
          "type": "empty"
        }
      },
      {
        "type": "condition",
        "property": "component",
        "predicate": "enchantments",
        "value": [
          {
            "enchantments": "unbreaking"
          }
        ],
        "on_true": {
          "type": "model",
          "model": "item/mace/unbreaking"
        },
        "on_false": {
          "type": "empty"
        }
      },
      {
        "type": "condition",
        "property": "component",
        "predicate": "enchantments",
        "value": [
          {
            "enchantments": "fire_aspect"
          }
        ],
        "on_true": {
          "type": "condition",
          "property": "component",
          "predicate": "enchantments",
          "value": [{"enchantments": "wind_burst"}],
          "on_true": {
            "type": "model", "model": "item/mace/firey_wind"
          },
          "on_false": {"type": "model", "model": "item/mace/fire"}
        },
        "on_false": {
          "type": "condition",
          "property": "component",
          "predicate": "enchantments",
          "value": [{"enchantments": "wind_burst"}],
          "on_true": {
            "type": "model",
            "model": "item/mace/wind"
          },
          "on_false": {"type": "empty"}
        }
      }
    ]
  }
}